Cluster #,Representative Name,Representative Description,Total Elements,Elements Within Radius,Radius
0,Corn Stover Feedstock Source,"This unit operation serves as the source for the Corn Stover Feedstock stream, which is raw corn stover delivered to the facility. The feedstock consists of a complex mixture of cellulose (35-40%), hemicellulose (25-30%), lignin (15-20%), ash (5-10%), and moisture (5-10%). It is a lignocellulosic biomass that typically requires pretreatment to break down cellulose and hemicellulose into fermentable sugars for further processing in the ethanol production pathway.",90,80,0.6647337302565575
1,Fuel-Grade Ethanol Sink,"This unit operation serves as the final sink for the Fuel-Grade Ethanol stream, which is produced after the dehydration of crude ethanol. It is designed to receive the high-purity ethanol, ensuring that it meets the required specifications for blending with gasoline or for use in various industrial applications. The unit operation guarantees the safe storage and handling of the ethanol, maintaining its quality and preventing contamination.",113,96,7.416859269142151
2,Fermentation,The hydrolysate is transferred to fermentation tanks where yeast or other microorganisms are added to convert the fermentable sugars into ethanol and carbon dioxide. This biological process is carried out under anaerobic conditions. The choice of microorganism and fermentation conditions are optimized to maximize ethanol yield and productivity.,90,86,1.4161657840013504
3,Dehydration,The crude ethanol is further purified through dehydration to remove residual water and achieve fuel-grade ethanol purity. This is typically done using molecular sieves or azeotropic distillation techniques to achieve ethanol purity of 99.5% or higher.,106,90,2.302285760641098
4,Pretreatment,"The prepared corn stover undergoes a pretreatment process to break down the lignocellulosic structure, making cellulose and hemicellulose more accessible for enzymatic hydrolysis. This typically involves chemical pretreatment using dilute acid or alkali, or physical methods such as steam explosion. The pretreatment disrupts the lignin structure and partially hydrolyzes hemicellulose into soluble sugars.",94,89,0.6407365947961807
5,Enzymatic Hydrolysis,"The pretreated biomass is subjected to enzymatic hydrolysis, where cellulase enzymes are added to convert cellulose into fermentable sugars, primarily glucose. This step is critical for maximizing sugar yield, which directly impacts ethanol production efficiency. The reaction is typically carried out in large stirred-tank reactors to ensure thorough mixing and enzyme contact with the substrate.",174,139,15.237542629241943
6,Waste Treatment,"The stillage and other waste streams from the process are treated to recover valuable byproducts and minimize environmental impact. This may involve anaerobic digestion to produce biogas, or further processing to recover lignin and other components for use as animal feed or energy production.",70,70,1.3658291101455688
7,Treated Waste Sink,"This unit operation serves as the final sink for the treated waste stream, which consists of water, biogas, and residual solids. The treated waste is the output from the Waste Treatment unit operation, ensuring that the environmental impact of the process is minimized. This sink is designed to handle the disposal or further processing of the treated waste, facilitating compliance with environmental regulations and promoting sustainable waste management practices.",122,97,2.2621783316135406
8,Off-gases Sink,"This unit operation serves as a sink for the off-gases generated during the pretreatment process. It is designed to capture and manage gaseous byproducts, primarily consisting of carbon dioxide and volatile compounds. The off-gases may be directed to a waste treatment facility for further processing or utilized in energy recovery systems, ensuring minimal environmental impact and compliance with emission regulations.",77,77,5.495822906494141
9,Distillation,"The fermentation broth is subjected to distillation to separate ethanol from water and other components. This involves heating the mixture to vaporize ethanol, which is then condensed and collected as a concentrated product. Multiple distillation columns may be used to achieve the desired ethanol purity.",90,78,0.6013574078679085
10,Dilute Acid or Steam Source,"This unit operation serves as a source for the dilute acid or steam used in the pretreatment process of biomass. The pretreatment process is critical for breaking down the lignin structure in lignocellulosic materials, such as corn stover, to enhance the accessibility of cellulose and hemicellulose for subsequent enzymatic hydrolysis. The source can provide either sulfuric acid for chemical pretreatment or steam for physical pretreatment, depending on the chosen method. This flexibility allows for optimized processing conditions tailored to the specific feedstock and desired outcomes.",23,18,0.9376277327537537
11,Yeast Culture Source,"This unit operation serves as a source for the Yeast Culture stream, which consists of the microorganism Saccharomyces cerevisiae. This culture is essential for the fermentation process, where it converts sugars present in the hydrolysate into ethanol. The Yeast Culture is prepared and maintained under controlled conditions to ensure optimal fermentation performance, contributing to the overall efficiency and yield of ethanol production.",82,73,0.7793509364128113
12,Pretreatment Chemicals Source,"This unit operation serves as a source for the Pretreatment Chemicals stream, which includes dilute acids and alkalis. These chemicals are essential for the pretreatment process, as they help to disrupt the lignin structure and partially hydrolyze hemicellulose in the biomass feedstock. This step is crucial for enhancing the accessibility of cellulose for subsequent enzymatic hydrolysis, ultimately improving the efficiency of the overall conversion process to produce ethanol.",71,70,1.4968936741352081
13,Feedstock Handling,"The corn stover, which is a lignocellulosic biomass, is delivered to the processing facility. It is first subjected to size reduction to increase the surface area for subsequent processing steps. This involves mechanical operations such as chopping, grinding, or milling. The reduced-size feedstock is then conveyed to storage silos, ensuring a steady supply for continuous processing.",83,65,1.0222434401512146
14,Lignin By-product Sink,"This unit operation serves as the terminus for the Lignin By-product stream, which consists of recovered lignin. The lignin can be utilized for energy generation, as a raw material for bioplastics, or in other applications such as adhesives and surfactants. This sink is designed to handle the final disposition of lignin, ensuring proper storage or transfer for further processing or utilization.",50,43,7.0992491245269775
